{"1_2":{"chamber":1,"party":2,"WnomAggregates":{"72":0.54409,"73":0.559875531,"74":0.552640372,"75":0.621388023,"76":0.629700791,"77":0.621778609,"78":0.621042716,"79":0.617089494,"80":0.636998902,"81":0.734943024}},"1_1":{"chamber":1,"party":1,"WnomAggregates":{"72":-0.42222,"73":-0.449964135,"74":-0.445684078,"75":-0.536115388,"76":-0.581599285,"77":-0.585928296,"78":-0.644611479,"79":-0.695038928,"80":-0.689908867,"81":-0.816011438}},"2_2":{"chamber":2,"party":2,"WnomAggregates":{"76":0.4383,"77":0.607931,"78":0.799931,"79":0.722995,"80":0.386157,"81":0.599742}},"2_1":{"chamber":2,"party":1,"WnomAggregates":{"76":-0.4161,"77":-0.5796,"78":-0.833222,"79":-0.656078,"80":-0.688802,"81":-0.69183}}}